user_id,signup_date,session_duration,in_app_purchases,feature_used,platform,location,last_active_date
user_1,08-02-2024,0.96,0,Profile,iOS,USA,17-04-2024
user_2,21-02-2024,6.26,0,Chat,Web,Germany,21-02-2024
user_3,29-01-2024,0.45,1,Chat,Android,Brazil,27-02-2024
user_4,15-01-2024,13.79,0,Settings,Android,Brazil,06-03-2024
user_5,12-02-2024,12.93,0,Video Call,Android,Germany,21-04-2024
user_6,08-01-2024,35.6,0,Chat,Android,India,05-03-2024
user_7,21-01-2024,7.36,1,Search,Android,India,12-04-2024
user_8,08-02-2024,33.9,0,Video Call,iOS,Brazil,06-05-2024
user_9,27-02-2024,68.82,1,Video Call,iOS,Brazil,21-03-2024
user_10,19-01-2024,1.85,0,Chat,iOS,Germany,07-04-2024
user_11,23-01-2024,31.39,0,Video Call,Web,India,23-01-2024
user_12,11-01-2024,17.83,2,Chat,Android,Brazil,08-02-2024
user_13,11-01-2024,13.08,0,Profile,Web,India,15-02-2024
user_14,24-01-2024,10.91,0,Settings,Android,Brazil,16-04-2024
user_15,22-02-2024,30.71,2,Profile,iOS,USA,13-03-2024
user_16,05-02-2024,20.4,2,Chat,Web,UK,25-03-2024
user_17,09-02-2024,32.7,0,Chat,iOS,USA,19-02-2024
user_18,24-01-2024,46.69,0,Profile,Android,Brazil,23-03-2024
user_19,03-01-2024,19.21,0,Search,Android,UK,29-03-2024
user_20,22-01-2024,78.71,1,Search,Android,UK,08-03-2024
user_21,22-02-2024,18.73,0,Search,iOS,Brazil,22-02-2024
user_22,02-01-2024,20.25,0,Chat,Android,Brazil,10-02-2024
user_23,24-01-2024,16.19,0,Video Call,iOS,India,15-04-2024
user_24,13-02-2024,1.91,0,Chat,Web,Brazil,07-04-2024
user_25,30-01-2024,25.92,0,Video Call,Android,Germany,04-03-2024
user_26,07-02-2024,15.86,1,Profile,Android,Brazil,25-02-2024
user_27,02-01-2024,11.99,1,Settings,Android,Germany,01-03-2024
user_28,29-02-2024,48.26,0,Video Call,Web,Brazil,12-05-2024
user_29,21-01-2024,7.08,0,Search,Android,India,12-03-2024
user_30,02-02-2024,14.83,0,Chat,iOS,Germany,07-02-2024
user_31,12-01-2024,23.92,1,Profile,iOS,USA,11-02-2024
user_32,27-02-2024,31.84,0,Search,Android,Germany,21-05-2024
user_33,22-01-2024,12.3,1,Profile,Android,India,19-02-2024
user_34,13-02-2024,36.91,0,Settings,Web,Germany,01-05-2024
user_35,25-01-2024,29.3,1,Chat,Web,Brazil,17-02-2024
user_36,18-02-2024,1.37,0,Chat,Web,Brazil,27-03-2024
user_37,27-01-2024,0.94,2,Settings,Android,India,15-04-2024
user_38,28-02-2024,19.39,1,Chat,Web,UK,29-02-2024
user_39,11-02-2024,8.54,0,Video Call,Web,Brazil,23-02-2024
user_40,28-01-2024,4.69,0,Profile,iOS,USA,18-03-2024
user_41,29-02-2024,17.33,0,Search,Web,India,29-02-2024
user_42,16-01-2024,8.36,1,Settings,iOS,Germany,03-02-2024
user_43,15-01-2024,15.41,1,Video Call,iOS,Germany,03-04-2024
user_44,16-02-2024,12.33,0,Search,Web,USA,04-03-2024
user_45,20-02-2024,17.58,1,Search,iOS,Brazil,22-04-2024
user_46,13-02-2024,10.23,0,Settings,Android,India,13-02-2024
user_47,24-02-2024,23.92,1,Video Call,Android,USA,29-03-2024
user_48,21-02-2024,3.97,0,Search,Web,Brazil,21-02-2024
user_49,26-02-2024,23.85,0,Search,Android,India,24-04-2024
user_50,03-01-2024,10.61,0,Video Call,iOS,Germany,06-02-2024
user_51,06-02-2024,41.48,0,Chat,Android,India,24-04-2024
user_52,20-02-2024,14.48,0,Search,Web,UK,23-03-2024
user_53,07-01-2024,72.32,1,Profile,Web,India,02-04-2024
user_54,21-01-2024,18.42,0,Video Call,iOS,UK,12-03-2024
user_55,09-01-2024,5.07,0,Search,Web,India,09-01-2024
user_56,08-02-2024,34.5,0,Settings,Android,UK,27-03-2024
user_57,18-01-2024,8.46,2,Profile,Web,Germany,31-01-2024
user_58,04-01-2024,8.54,0,Search,iOS,Brazil,08-01-2024
user_59,25-01-2024,0.65,0,Profile,Web,UK,25-01-2024
user_60,29-02-2024,15.91,0,Profile,Android,UK,21-04-2024
user_61,14-01-2024,15.29,1,Chat,iOS,Germany,23-03-2024
user_62,19-02-2024,8.8,0,Profile,Android,UK,28-02-2024
user_63,27-02-2024,44.93,1,Chat,iOS,USA,20-05-2024
user_64,09-01-2024,2.76,0,Video Call,Web,Germany,13-01-2024
user_65,26-01-2024,8.01,0,Chat,iOS,USA,29-01-2024
user_66,22-02-2024,7.76,1,Settings,iOS,Germany,02-04-2024
user_67,02-01-2024,1.94,1,Search,Web,UK,06-02-2024
user_68,20-01-2024,13.12,0,Video Call,Android,USA,18-04-2024
user_69,28-01-2024,23.28,1,Video Call,Web,UK,05-04-2024
user_70,16-02-2024,14.33,0,Settings,iOS,Germany,29-02-2024
user_71,29-02-2024,3.42,2,Chat,Web,UK,17-03-2024
user_72,07-01-2024,9.47,0,Search,iOS,USA,28-03-2024
user_73,13-02-2024,0.05,0,Chat,Web,USA,30-04-2024
user_74,08-01-2024,40.54,0,Profile,Web,UK,29-02-2024
user_75,16-02-2024,1.77,0,Chat,Android,India,09-03-2024
user_76,04-02-2024,18.19,0,Video Call,iOS,Germany,30-03-2024
user_77,14-01-2024,85.74,0,Search,Android,Germany,14-03-2024
user_78,17-01-2024,15.38,0,Chat,iOS,UK,14-04-2024
user_79,05-02-2024,51.55,0,Search,Web,India,15-03-2024
user_80,19-02-2024,5.39,0,Search,iOS,USA,19-02-2024
user_81,09-02-2024,28.54,0,Profile,Android,Brazil,21-02-2024
user_82,04-01-2024,15.15,1,Profile,Android,Brazil,18-03-2024
user_83,02-01-2024,25.5,2,Video Call,Android,UK,11-02-2024
user_84,06-01-2024,1.29,1,Settings,iOS,India,20-02-2024
user_85,23-02-2024,3.2,0,Search,Android,India,23-02-2024
user_86,11-02-2024,2.86,0,Settings,Android,Germany,22-02-2024
user_87,04-01-2024,23.24,0,Video Call,Android,USA,29-02-2024
user_88,23-02-2024,37.21,0,Search,Web,India,28-03-2024
user_89,29-01-2024,27.7,0,Search,Web,Brazil,29-02-2024
user_90,18-01-2024,0.62,1,Settings,iOS,USA,29-03-2024
user_91,26-01-2024,40.38,0,Chat,iOS,USA,05-04-2024
user_92,13-02-2024,8.74,1,Profile,Android,UK,16-03-2024
user_93,03-02-2024,10.12,0,Chat,Web,India,24-03-2024
user_94,10-01-2024,2.22,1,Settings,Android,UK,22-01-2024
user_95,05-02-2024,26.74,0,Profile,Android,India,22-02-2024
user_96,14-01-2024,4.02,0,Chat,Web,Germany,24-03-2024
user_97,31-01-2024,16.6,0,Profile,Web,UK,10-04-2024
user_98,17-02-2024,36.74,1,Search,Web,UK,13-05-2024
user_99,15-01-2024,1.87,1,Chat,iOS,Brazil,03-04-2024
user_100,08-01-2024,15.33,0,Profile,iOS,UK,20-03-2024
user_101,14-01-2024,5.31,0,Profile,Android,India,06-03-2024
user_102,23-01-2024,8.4,0,Profile,iOS,Brazil,28-01-2024
user_103,29-02-2024,12.85,0,Chat,Web,UK,29-02-2024
user_104,26-02-2024,8.77,2,Video Call,Web,UK,03-04-2024
user_105,09-02-2024,20.93,2,Chat,iOS,Germany,13-04-2024
user_106,21-01-2024,13.06,0,Settings,Android,UK,03-03-2024
user_107,16-01-2024,17.55,0,Chat,Android,USA,29-02-2024
user_108,14-02-2024,26.7,0,Profile,iOS,Brazil,01-03-2024
user_109,18-01-2024,16.32,0,Search,Android,USA,22-02-2024
user_110,16-02-2024,17.66,0,Chat,Android,Brazil,18-02-2024
user_111,22-02-2024,16.62,1,Chat,Android,Germany,03-04-2024
user_112,24-01-2024,9.52,0,Profile,Web,UK,02-04-2024
user_113,26-01-2024,8.23,2,Search,Web,UK,19-03-2024
user_114,25-01-2024,45.98,1,Search,iOS,UK,14-02-2024
user_115,29-02-2024,18.71,0,Settings,Web,Brazil,27-04-2024
user_116,29-02-2024,5.6,0,Chat,Android,UK,26-03-2024
user_117,29-02-2024,13.79,0,Search,Web,USA,11-04-2024
user_118,14-02-2024,8.02,0,Search,iOS,UK,13-04-2024
user_119,10-02-2024,54.27,0,Video Call,Web,Germany,07-05-2024
user_120,29-01-2024,0.15,0,Video Call,Android,USA,22-03-2024
user_121,15-01-2024,5.11,0,Search,Android,UK,10-02-2024
user_122,14-02-2024,9.09,0,Settings,iOS,UK,04-03-2024
user_123,01-01-2024,13.38,1,Search,Web,India,24-02-2024
user_124,25-01-2024,38.05,0,Profile,Web,Brazil,16-03-2024
user_125,07-01-2024,1.84,0,Chat,Web,USA,10-01-2024
user_126,09-01-2024,32.78,0,Settings,Android,India,07-02-2024
user_127,24-01-2024,1.15,0,Profile,iOS,Germany,22-03-2024
user_128,01-01-2024,36.94,1,Settings,Web,Brazil,01-01-2024
user_129,13-02-2024,1.06,0,Profile,Android,USA,23-03-2024
user_130,08-01-2024,0.37,1,Chat,Android,UK,23-02-2024
user_131,24-01-2024,23.88,1,Chat,Android,USA,24-01-2024
user_132,11-01-2024,117.96,0,Video Call,Web,UK,11-01-2024
user_133,20-02-2024,45.38,0,Profile,Web,Brazil,25-04-2024
user_134,17-01-2024,17.16,0,Video Call,Web,UK,21-02-2024
user_135,08-01-2024,49.87,1,Profile,Web,Germany,09-01-2024
user_136,04-02-2024,0.11,1,Video Call,Web,UK,28-04-2024
user_137,04-02-2024,73.83,0,Chat,Web,Germany,04-02-2024
user_138,02-02-2024,13.5,1,Settings,Web,Brazil,24-04-2024
user_139,28-02-2024,25.67,0,Video Call,Web,Brazil,28-02-2024
user_140,05-01-2024,34.39,0,Profile,Web,USA,19-03-2024
user_141,11-02-2024,25.35,0,Profile,Android,Germany,11-02-2024
user_142,08-02-2024,15.32,0,Chat,Web,Germany,08-04-2024
user_143,27-02-2024,12.95,1,Profile,iOS,India,29-03-2024
user_144,10-02-2024,36.48,0,Search,Android,India,26-04-2024
user_145,28-01-2024,4.59,0,Settings,Web,India,22-04-2024
user_146,07-01-2024,68.84,1,Video Call,iOS,UK,07-01-2024
user_147,09-01-2024,24.82,1,Settings,Web,India,27-02-2024
user_148,08-01-2024,4.45,1,Chat,iOS,Germany,13-01-2024
user_149,12-01-2024,26.65,1,Video Call,iOS,UK,13-03-2024
user_150,03-02-2024,15.09,0,Video Call,iOS,Brazil,29-02-2024
user_151,02-02-2024,24.57,0,Search,iOS,USA,17-02-2024
user_152,17-02-2024,29.2,0,Chat,Android,India,18-02-2024
user_153,24-02-2024,1.83,0,Profile,Android,Brazil,24-02-2024
user_154,23-01-2024,14.11,0,Search,iOS,Germany,10-03-2024
user_155,24-01-2024,53.77,1,Search,Web,USA,13-04-2024
user_156,06-02-2024,7.73,0,Settings,iOS,Brazil,27-02-2024
user_157,04-02-2024,18.02,0,Settings,Android,USA,02-03-2024
user_158,13-02-2024,9.22,0,Settings,Web,India,11-04-2024
user_159,09-02-2024,12.11,1,Search,Android,Germany,26-03-2024
user_160,22-01-2024,15.91,1,Profile,Android,USA,03-04-2024
user_161,27-01-2024,15.92,1,Video Call,Web,Brazil,07-04-2024
user_162,04-02-2024,4.51,0,Settings,iOS,India,25-02-2024
user_163,01-01-2024,23.08,1,Profile,iOS,India,04-03-2024
user_164,04-02-2024,1.84,0,Chat,iOS,Brazil,04-02-2024
user_165,06-02-2024,2.99,2,Settings,iOS,Brazil,14-02-2024
user_166,16-02-2024,0.05,0,Video Call,Web,USA,18-03-2024
user_167,14-01-2024,2.48,0,Chat,Web,UK,23-01-2024
user_168,03-01-2024,12.82,1,Chat,Web,India,03-01-2024
user_169,01-01-2024,18.63,2,Video Call,Android,USA,30-01-2024
user_170,05-01-2024,31.63,0,Settings,Web,Brazil,10-02-2024
user_171,26-01-2024,2.26,0,Search,iOS,USA,03-03-2024
user_172,24-02-2024,38.04,0,Video Call,Android,Brazil,24-02-2024
user_173,14-01-2024,27.41,1,Video Call,iOS,Germany,03-04-2024
user_174,08-02-2024,10.5,1,Video Call,iOS,Brazil,27-03-2024
user_175,27-01-2024,54.04,1,Chat,Web,Brazil,10-02-2024
user_176,09-01-2024,94.05,0,Profile,Web,Brazil,22-03-2024
user_177,15-01-2024,4.59,0,Search,iOS,UK,12-04-2024
user_178,15-01-2024,9.54,1,Settings,iOS,Brazil,13-02-2024
user_179,26-01-2024,52.2,1,Settings,Android,India,09-03-2024
user_180,11-02-2024,25.57,0,Profile,Web,India,23-04-2024
user_181,29-02-2024,0.99,0,Video Call,Android,USA,05-03-2024
user_182,13-01-2024,30.42,0,Search,Android,UK,24-02-2024
user_183,20-02-2024,35.2,0,Settings,Android,USA,18-03-2024
user_184,01-02-2024,27.77,4,Settings,iOS,India,07-04-2024
user_185,08-02-2024,32.14,0,Video Call,Android,India,06-03-2024
user_186,18-02-2024,34.87,0,Profile,Android,Germany,02-05-2024
user_187,21-02-2024,4.13,1,Search,iOS,Brazil,17-03-2024
user_188,01-02-2024,5.38,0,Profile,Web,India,08-04-2024
user_189,04-01-2024,20.09,0,Profile,Web,USA,02-03-2024
user_190,30-01-2024,47.69,0,Search,Android,USA,05-04-2024
user_191,06-02-2024,7.6,2,Search,iOS,Brazil,06-02-2024
user_192,23-01-2024,17.75,2,Settings,Web,Brazil,25-01-2024
user_193,08-02-2024,22.98,0,Settings,Android,Germany,08-02-2024
user_194,14-02-2024,12.03,0,Search,Android,UK,09-03-2024
user_195,15-01-2024,25.02,0,Chat,iOS,USA,20-03-2024
user_196,12-02-2024,45.99,1,Settings,Android,Brazil,12-02-2024
user_197,29-01-2024,19.57,1,Chat,Web,USA,01-02-2024
user_198,05-02-2024,15.52,0,Search,iOS,Brazil,20-04-2024
user_199,13-01-2024,11.55,0,Settings,Web,India,17-03-2024
user_200,01-02-2024,17.23,0,Profile,Web,USA,27-02-2024
user_201,07-01-2024,8.78,0,Search,Web,India,31-01-2024
user_202,28-02-2024,9.93,1,Video Call,Android,USA,03-04-2024
user_203,20-02-2024,15.18,1,Chat,Android,UK,10-05-2024
user_204,22-01-2024,1.38,0,Search,Web,Germany,21-03-2024
user_205,28-01-2024,5.2,0,Search,Web,India,22-03-2024
user_206,02-01-2024,15.65,0,Settings,iOS,Brazil,17-01-2024
user_207,11-02-2024,11.3,0,Settings,iOS,UK,22-02-2024
user_208,14-02-2024,8.09,0,Settings,Android,USA,22-04-2024
user_209,26-02-2024,26.23,0,Video Call,Android,India,10-03-2024
user_210,22-02-2024,23.66,0,Settings,iOS,USA,14-05-2024
user_211,06-01-2024,3.65,0,Search,Web,USA,16-02-2024
user_212,28-01-2024,42.18,0,Settings,Android,USA,24-04-2024
user_213,28-01-2024,13.68,2,Profile,Web,Germany,07-03-2024
user_214,13-02-2024,27.05,0,Settings,iOS,Germany,20-02-2024
user_215,13-02-2024,17.03,2,Video Call,Android,Brazil,17-03-2024
user_216,20-01-2024,121.43,1,Profile,Android,India,08-04-2024
user_217,30-01-2024,27.92,0,Search,iOS,UK,10-04-2024
user_218,11-01-2024,24.55,1,Search,Android,UK,31-01-2024
user_219,27-02-2024,30.15,2,Chat,iOS,UK,03-04-2024
user_220,24-02-2024,3.09,0,Profile,Android,USA,11-05-2024
user_221,28-01-2024,4.58,0,Chat,iOS,Germany,24-03-2024
user_222,25-01-2024,25.04,0,Profile,Android,India,25-01-2024
user_223,08-02-2024,13.62,1,Profile,Web,USA,15-03-2024
user_224,02-02-2024,28.1,0,Video Call,Web,Germany,01-05-2024
user_225,01-01-2024,2.17,1,Chat,Web,Germany,24-03-2024
user_226,26-02-2024,15.38,1,Video Call,Android,India,17-04-2024
user_227,27-01-2024,9.52,1,Profile,Android,India,20-03-2024
user_228,26-02-2024,12.21,0,Search,Web,India,04-05-2024
user_229,21-02-2024,18.52,0,Profile,Web,USA,14-04-2024
user_230,13-01-2024,13.95,0,Video Call,iOS,Brazil,02-04-2024
user_231,10-02-2024,15.52,1,Chat,iOS,India,03-03-2024
user_232,03-01-2024,13.32,1,Chat,iOS,Brazil,16-02-2024
user_233,08-02-2024,10.52,0,Video Call,Web,USA,18-03-2024
user_234,06-01-2024,29.56,0,Chat,Web,Brazil,31-03-2024
user_235,08-01-2024,0.25,0,Settings,Web,UK,08-03-2024
user_236,27-01-2024,18.25,1,Search,iOS,Brazil,09-04-2024
user_237,09-01-2024,16.67,0,Search,Android,India,27-02-2024
user_238,06-02-2024,25.19,0,Search,Web,USA,25-03-2024
user_239,02-02-2024,18.28,1,Chat,Android,India,01-04-2024
user_240,20-02-2024,35.07,1,Chat,Android,UK,18-04-2024
user_241,11-02-2024,63.92,0,Profile,Android,India,02-04-2024
user_242,13-02-2024,8.39,1,Profile,iOS,India,25-03-2024
user_243,24-01-2024,5.16,0,Search,Android,India,15-04-2024
user_244,15-01-2024,11.02,1,Settings,Web,Germany,27-01-2024
user_245,28-02-2024,6.79,1,Profile,iOS,UK,13-03-2024
user_246,23-02-2024,19.09,0,Profile,Web,India,28-02-2024
user_247,01-02-2024,48.57,0,Chat,Web,India,04-03-2024
user_248,01-02-2024,3,0,Settings,iOS,India,22-04-2024
user_249,24-01-2024,2.12,2,Search,Web,USA,02-02-2024
user_250,10-02-2024,5.91,0,Profile,Web,Germany,28-02-2024
user_251,21-02-2024,25.9,1,Settings,iOS,USA,18-04-2024
user_252,18-02-2024,17.98,1,Settings,Web,Germany,18-02-2024
user_253,18-02-2024,2.16,1,Search,Android,India,14-03-2024
user_254,27-02-2024,50.2,0,Settings,Web,UK,09-04-2024
user_255,21-02-2024,31.22,0,Settings,Android,Brazil,21-02-2024
user_256,12-01-2024,0.47,0,Settings,Web,Brazil,03-04-2024
user_257,08-02-2024,21.07,1,Profile,iOS,India,28-03-2024
user_258,02-01-2024,29.5,0,Search,iOS,USA,22-03-2024
user_259,03-01-2024,9.38,0,Settings,Web,UK,06-01-2024
user_260,18-02-2024,1.43,1,Settings,iOS,Germany,20-04-2024
user_261,06-02-2024,1.61,0,Profile,Web,India,22-03-2024
user_262,18-02-2024,2.2,0,Search,iOS,UK,16-04-2024
user_263,25-02-2024,36.71,0,Chat,Android,UK,23-04-2024
user_264,17-01-2024,48.31,0,Profile,Web,Germany,17-01-2024
user_265,28-02-2024,2.62,0,Search,Android,UK,15-05-2024
user_266,18-02-2024,5.38,0,Settings,Android,USA,06-05-2024
user_267,02-01-2024,3.62,1,Search,Web,USA,23-02-2024
user_268,02-01-2024,4.12,1,Search,Android,USA,15-02-2024
user_269,28-01-2024,36.34,0,Search,Web,UK,02-02-2024
user_270,23-02-2024,8.07,1,Chat,Android,USA,25-03-2024
user_271,23-01-2024,7.46,0,Search,Web,Germany,24-02-2024
user_272,06-02-2024,5.16,0,Chat,Web,UK,13-04-2024
user_273,01-02-2024,18.72,0,Settings,iOS,Brazil,17-04-2024
user_274,02-02-2024,9.54,0,Chat,Web,UK,30-03-2024
user_275,01-01-2024,27.27,0,Settings,Web,Germany,10-01-2024
user_276,19-01-2024,4.6,1,Settings,Android,Brazil,21-03-2024
user_277,02-01-2024,31,1,Chat,Web,UK,10-03-2024
user_278,22-02-2024,18.51,1,Profile,iOS,USA,06-03-2024
user_279,13-02-2024,2.43,1,Video Call,Android,India,19-03-2024
user_280,26-01-2024,10.71,0,Search,Android,India,04-02-2024
user_281,01-02-2024,39.83,0,Video Call,iOS,USA,01-02-2024
user_282,06-01-2024,51.27,1,Search,Android,India,19-02-2024
user_283,01-02-2024,12.54,0,Search,Android,India,19-03-2024
user_284,24-02-2024,13.11,0,Settings,Android,USA,16-05-2024
user_285,04-01-2024,50.13,2,Search,Android,USA,13-03-2024
user_286,24-02-2024,17.69,0,Search,iOS,UK,08-04-2024
user_287,11-01-2024,0.67,0,Chat,iOS,UK,07-03-2024
user_288,25-02-2024,48.78,1,Video Call,Android,USA,24-05-2024
user_289,28-02-2024,5.71,0,Chat,Android,Germany,29-03-2024
user_290,17-01-2024,17.24,2,Search,iOS,India,17-01-2024
user_291,07-02-2024,3.62,2,Settings,iOS,UK,02-04-2024
user_292,24-01-2024,0.69,0,Chat,iOS,India,27-01-2024
user_293,05-01-2024,7.46,1,Chat,Android,Brazil,29-01-2024
user_294,21-02-2024,30.33,1,Profile,Android,USA,04-04-2024
user_295,03-02-2024,6.5,0,Search,Web,Germany,23-03-2024
user_296,06-01-2024,4.97,2,Settings,iOS,Brazil,12-03-2024
user_297,22-01-2024,4.78,0,Chat,Android,Brazil,09-02-2024
user_298,11-01-2024,14.48,1,Chat,iOS,Brazil,03-03-2024
user_299,17-02-2024,74.22,0,Settings,Android,USA,17-02-2024
user_300,16-01-2024,12.29,0,Search,iOS,UK,15-03-2024
user_301,02-02-2024,16.3,0,Profile,Android,USA,03-03-2024
user_302,09-01-2024,39.41,0,Chat,Web,UK,06-03-2024
user_303,29-02-2024,15.32,2,Profile,Web,Brazil,20-03-2024
user_304,28-02-2024,4.08,0,Video Call,iOS,Brazil,18-03-2024
user_305,06-01-2024,7.12,3,Search,Android,Germany,25-03-2024
user_306,16-01-2024,7.42,0,Video Call,Android,UK,16-01-2024
user_307,29-01-2024,10.13,0,Video Call,iOS,Brazil,25-02-2024
user_308,03-01-2024,11.13,0,Video Call,Android,India,03-01-2024
user_309,20-01-2024,32.17,0,Search,iOS,Germany,22-03-2024
user_310,29-02-2024,8.6,1,Search,Android,USA,19-04-2024
user_311,28-02-2024,12.63,0,Settings,iOS,Germany,28-02-2024
user_312,05-02-2024,19.62,0,Profile,Android,India,17-03-2024
user_313,19-01-2024,9.49,0,Profile,iOS,UK,11-04-2024
user_314,26-01-2024,36.23,0,Settings,Android,USA,11-02-2024
user_315,03-01-2024,17.71,0,Settings,Web,USA,29-01-2024
user_316,19-01-2024,6.96,0,Video Call,Android,UK,31-03-2024
user_317,20-01-2024,25.04,2,Settings,iOS,Germany,29-03-2024
user_318,01-02-2024,15,0,Chat,Web,Brazil,06-02-2024
user_319,07-01-2024,15.29,1,Profile,Android,Germany,20-01-2024
user_320,21-02-2024,13.12,0,Settings,Web,India,21-02-2024
user_321,10-02-2024,13.74,1,Chat,Android,Brazil,28-02-2024
user_322,02-02-2024,28.99,1,Chat,Web,Germany,03-03-2024
user_323,09-02-2024,2.17,0,Chat,iOS,UK,26-04-2024
user_324,08-02-2024,8.14,0,Chat,Android,India,05-03-2024
user_325,18-01-2024,1.57,1,Video Call,Android,India,25-02-2024
user_326,09-02-2024,27.99,0,Chat,iOS,India,15-02-2024
user_327,01-01-2024,6.36,1,Video Call,Web,Brazil,08-02-2024
user_328,11-01-2024,45.54,0,Video Call,iOS,USA,11-01-2024
user_329,28-01-2024,14.96,1,Chat,iOS,Brazil,09-03-2024
user_330,26-02-2024,32.26,2,Profile,Web,Germany,10-05-2024
user_331,25-01-2024,77.2,0,Chat,iOS,USA,25-01-2024
user_332,19-02-2024,36.63,1,Chat,Android,Germany,17-04-2024
user_333,23-01-2024,40.35,1,Chat,Android,USA,14-02-2024
user_334,31-01-2024,10.48,0,Profile,Android,Brazil,26-02-2024
user_335,30-01-2024,16.05,0,Search,iOS,India,13-02-2024
user_336,11-02-2024,5.86,2,Search,Android,UK,05-03-2024
user_337,04-02-2024,4.37,0,Video Call,Android,India,25-03-2024
user_338,07-01-2024,14.08,1,Video Call,Android,Brazil,01-04-2024
user_339,29-02-2024,18.08,0,Profile,Android,USA,24-04-2024
user_340,16-01-2024,8.29,1,Settings,Android,India,04-04-2024
user_341,26-01-2024,16.85,1,Search,Android,Brazil,20-02-2024
user_342,17-02-2024,43.69,0,Video Call,iOS,Germany,08-04-2024
user_343,26-02-2024,16.27,0,Search,Android,UK,01-04-2024
user_344,21-02-2024,25.52,1,Profile,Android,India,20-04-2024
user_345,29-02-2024,32.73,1,Profile,Web,USA,17-04-2024
user_346,18-02-2024,89.71,1,Settings,iOS,Germany,08-03-2024
user_347,02-01-2024,18.49,0,Settings,iOS,Brazil,15-03-2024
user_348,01-01-2024,32.89,1,Profile,iOS,UK,06-01-2024
user_349,17-02-2024,65.75,0,Video Call,iOS,USA,25-04-2024
user_350,12-01-2024,57.79,1,Search,Android,Brazil,15-03-2024
user_351,05-01-2024,3.04,1,Chat,Android,Brazil,17-01-2024
user_352,06-02-2024,10.43,1,Settings,Web,India,06-02-2024
user_353,01-02-2024,7.83,0,Chat,Web,India,17-03-2024
user_354,28-02-2024,1.82,2,Video Call,iOS,USA,23-03-2024
user_355,24-02-2024,20.06,0,Settings,Web,Brazil,06-03-2024
user_356,09-01-2024,26.63,1,Chat,Web,India,24-02-2024
user_357,10-02-2024,37.69,1,Video Call,iOS,UK,25-02-2024
user_358,04-02-2024,2.62,0,Search,iOS,UK,17-03-2024
user_359,19-01-2024,41.82,0,Video Call,Web,Brazil,08-04-2024
user_360,17-02-2024,20.6,1,Settings,Android,India,21-04-2024
user_361,16-01-2024,24.34,0,Profile,Web,USA,18-01-2024
user_362,03-01-2024,48.3,1,Search,Web,USA,09-03-2024
user_363,20-01-2024,19.6,1,Chat,Android,USA,15-02-2024
user_364,24-01-2024,8.19,0,Settings,Android,UK,11-04-2024
user_365,23-02-2024,34.87,0,Profile,iOS,India,11-04-2024
user_366,25-02-2024,9.02,0,Video Call,iOS,India,25-02-2024
user_367,02-02-2024,0.7,0,Profile,Web,UK,20-02-2024
user_368,24-01-2024,35.52,0,Settings,Android,USA,20-04-2024
user_369,21-02-2024,8.47,1,Settings,iOS,USA,26-04-2024
user_370,11-01-2024,29.73,0,Profile,Web,Brazil,21-03-2024
user_371,18-02-2024,9.01,0,Video Call,Android,Germany,02-04-2024
user_372,08-01-2024,39.48,0,Profile,Web,India,22-02-2024
user_373,05-02-2024,4.96,0,Settings,iOS,India,16-03-2024
user_374,07-02-2024,73.42,0,Settings,iOS,India,10-02-2024
user_375,09-02-2024,30.26,0,Chat,Android,Germany,25-04-2024
user_376,20-01-2024,2.43,0,Chat,Web,Brazil,06-03-2024
user_377,04-02-2024,16.68,0,Search,Android,Germany,05-03-2024
user_378,17-02-2024,84.49,1,Settings,iOS,USA,12-05-2024
user_379,25-01-2024,12.74,0,Chat,iOS,USA,31-03-2024
user_380,04-02-2024,4.02,1,Profile,Web,India,08-03-2024
user_381,25-01-2024,13.26,1,Video Call,Web,UK,11-03-2024
user_382,29-01-2024,14.37,0,Profile,Web,India,29-01-2024
user_383,18-01-2024,27.07,0,Video Call,Android,UK,18-02-2024
user_384,15-02-2024,24,0,Chat,Web,Germany,17-02-2024
user_385,18-01-2024,10.3,1,Search,Web,USA,14-02-2024
user_386,02-01-2024,4.92,1,Profile,iOS,UK,23-01-2024
user_387,23-02-2024,20.72,0,Profile,iOS,Germany,15-04-2024
user_388,04-02-2024,10.95,0,Profile,Web,USA,24-02-2024
user_389,16-01-2024,2.84,0,Video Call,Web,UK,23-02-2024
user_390,10-02-2024,46.17,0,Chat,iOS,India,06-03-2024
user_391,05-02-2024,23.5,1,Profile,Web,India,08-03-2024
user_392,02-02-2024,22.99,0,Profile,Android,India,14-03-2024
user_393,04-01-2024,34.59,3,Search,Android,Germany,05-01-2024
user_394,02-02-2024,15.09,1,Search,Android,India,15-02-2024
user_395,14-01-2024,33.75,1,Chat,Web,Brazil,02-03-2024
user_396,21-01-2024,13.79,0,Chat,iOS,USA,25-02-2024
user_397,17-02-2024,1.39,1,Settings,Web,Germany,22-02-2024
user_398,20-01-2024,10.39,3,Search,Web,India,06-04-2024
user_399,25-02-2024,13.76,1,Settings,iOS,USA,25-02-2024
user_400,08-01-2024,25.47,0,Video Call,iOS,UK,01-03-2024
user_401,07-01-2024,2.25,1,Settings,iOS,India,16-03-2024
user_402,03-01-2024,3.02,0,Profile,Android,USA,05-02-2024
user_403,17-01-2024,6.12,1,Settings,Web,Brazil,07-03-2024
user_404,02-02-2024,6.2,0,Chat,iOS,UK,18-02-2024
user_405,17-02-2024,26.35,1,Video Call,Web,Brazil,17-02-2024
user_406,12-01-2024,5.77,3,Profile,Android,USA,20-02-2024
user_407,28-02-2024,20.05,0,Settings,Android,Brazil,26-05-2024
user_408,20-02-2024,13.64,0,Video Call,iOS,USA,20-02-2024
user_409,22-01-2024,17.03,2,Video Call,iOS,USA,18-04-2024
user_410,24-02-2024,36.42,0,Profile,Web,Brazil,11-05-2024
user_411,22-01-2024,10.36,0,Settings,iOS,USA,06-02-2024
user_412,15-02-2024,29.47,0,Video Call,Web,India,18-04-2024
user_413,30-01-2024,10.96,1,Video Call,iOS,USA,19-04-2024
user_414,07-02-2024,8.74,2,Search,Web,Germany,02-03-2024
user_415,07-02-2024,63.7,1,Video Call,Web,USA,25-02-2024
user_416,14-02-2024,4.08,0,Search,Web,Germany,23-04-2024
user_417,20-02-2024,1.89,1,Settings,Web,USA,07-03-2024
user_418,23-02-2024,29.48,1,Settings,Android,USA,15-05-2024
user_419,08-01-2024,1.41,0,Settings,Web,Brazil,22-01-2024
user_420,27-01-2024,36.29,1,Chat,iOS,India,29-02-2024
user_421,27-01-2024,11.5,0,Settings,Android,India,13-02-2024
user_422,03-02-2024,49.42,0,Video Call,Android,UK,24-04-2024
user_423,21-01-2024,25.57,1,Profile,Web,Brazil,10-02-2024
user_424,30-01-2024,18.85,2,Search,Android,Brazil,23-03-2024
user_425,02-02-2024,59.64,0,Chat,Web,India,19-04-2024
user_426,28-01-2024,10.11,0,Settings,iOS,Brazil,30-03-2024
user_427,16-02-2024,61.62,1,Settings,Web,India,05-03-2024
user_428,02-02-2024,2.9,0,Profile,Android,Brazil,05-03-2024
user_429,05-01-2024,13.22,0,Profile,iOS,USA,22-01-2024
user_430,29-02-2024,6.29,1,Chat,Web,India,09-05-2024
user_431,17-02-2024,15.52,2,Search,iOS,India,22-03-2024
user_432,19-01-2024,3.54,1,Settings,iOS,Germany,27-03-2024
user_433,04-01-2024,36.84,1,Chat,Android,Brazil,01-04-2024
user_434,04-02-2024,37.47,1,Video Call,iOS,Brazil,20-02-2024
user_435,18-02-2024,62.13,0,Video Call,Android,India,08-05-2024
user_436,17-01-2024,3.36,0,Chat,iOS,USA,02-02-2024
user_437,13-02-2024,19.53,0,Settings,Web,USA,25-02-2024
user_438,28-01-2024,12.86,0,Chat,iOS,USA,18-02-2024
user_439,30-01-2024,8.44,0,Settings,Web,Brazil,16-02-2024
user_440,29-01-2024,8.66,0,Profile,Web,Germany,04-02-2024
user_441,15-02-2024,10.65,0,Chat,iOS,India,06-03-2024
user_442,22-02-2024,24.41,1,Settings,Web,UK,02-03-2024
user_443,06-01-2024,18.24,0,Chat,iOS,Germany,07-03-2024
user_444,04-02-2024,12.31,0,Chat,iOS,UK,28-04-2024
user_445,29-02-2024,1.58,0,Settings,Web,Germany,24-04-2024
user_446,10-02-2024,1.62,1,Settings,Web,USA,20-04-2024
user_447,06-02-2024,0.05,2,Search,Android,Brazil,24-03-2024
user_448,24-01-2024,68.65,1,Chat,Web,UK,24-01-2024
user_449,29-01-2024,0.11,2,Video Call,Android,Germany,12-02-2024
user_450,18-02-2024,2.18,1,Chat,Web,Brazil,29-04-2024
user_451,15-02-2024,7.55,1,Chat,iOS,UK,17-03-2024
user_452,22-02-2024,32.95,0,Settings,Web,India,22-03-2024
user_453,31-01-2024,65.46,0,Chat,iOS,Germany,17-02-2024
user_454,04-02-2024,31.21,0,Chat,iOS,India,11-03-2024
user_455,29-02-2024,23.46,0,Video Call,iOS,USA,29-02-2024
user_456,02-02-2024,14.73,0,Settings,Android,India,05-04-2024
user_457,21-02-2024,1.81,0,Chat,Web,India,17-03-2024
user_458,21-01-2024,63.48,0,Profile,iOS,Germany,12-04-2024
user_459,01-02-2024,28.41,1,Search,iOS,USA,09-03-2024
user_460,23-01-2024,20.37,0,Video Call,Android,India,27-03-2024
user_461,02-02-2024,28.46,1,Chat,Web,Brazil,02-02-2024
user_462,03-01-2024,25.75,0,Profile,Web,UK,29-03-2024
user_463,18-01-2024,20.28,2,Chat,Android,India,18-01-2024
user_464,25-01-2024,78.83,0,Chat,Android,USA,28-03-2024
user_465,11-02-2024,46.74,2,Settings,Web,India,31-03-2024
user_466,31-01-2024,20.81,1,Settings,Android,UK,27-04-2024
user_467,23-02-2024,23.63,0,Settings,Web,USA,09-03-2024
user_468,27-02-2024,1.06,0,Profile,Web,Germany,04-04-2024
user_469,03-01-2024,22.17,1,Chat,iOS,USA,29-01-2024
user_470,09-02-2024,0.9,1,Search,iOS,Germany,03-05-2024
user_471,15-02-2024,17.75,0,Video Call,Web,USA,19-02-2024
user_472,24-01-2024,146.88,0,Settings,Web,UK,02-03-2024
user_473,19-02-2024,16.23,1,Settings,Web,UK,04-05-2024
user_474,01-02-2024,12.82,0,Chat,Web,USA,07-04-2024
user_475,16-02-2024,7.5,1,Chat,Web,India,16-03-2024
user_476,22-01-2024,2.57,1,Profile,Web,UK,09-02-2024
user_477,23-01-2024,26.26,1,Profile,Android,Germany,13-03-2024
user_478,02-01-2024,4.28,1,Settings,Web,Germany,02-01-2024
user_479,27-01-2024,2.45,0,Chat,Android,Brazil,05-02-2024
user_480,11-02-2024,10.96,0,Search,Android,Germany,14-04-2024
user_481,02-01-2024,31.73,0,Video Call,Web,Brazil,09-03-2024
user_482,26-01-2024,27.33,0,Chat,Web,USA,26-01-2024
user_483,17-01-2024,1.13,1,Chat,Android,USA,17-01-2024
user_484,09-02-2024,12.14,1,Profile,Android,USA,19-03-2024
user_485,02-02-2024,14.78,1,Video Call,Web,India,12-02-2024
user_486,09-01-2024,20.69,0,Settings,Web,India,01-04-2024
user_487,12-02-2024,21.01,2,Chat,Android,Brazil,04-03-2024
user_488,23-02-2024,9.07,0,Settings,Android,Germany,13-04-2024
user_489,17-02-2024,16.45,0,Chat,Android,Germany,26-04-2024
user_490,08-02-2024,13.12,1,Settings,iOS,USA,26-04-2024
user_491,29-01-2024,43.26,0,Video Call,Android,UK,04-03-2024
user_492,11-02-2024,15.11,1,Profile,iOS,India,11-02-2024
user_493,24-02-2024,11.63,0,Video Call,Web,India,06-05-2024
user_494,26-01-2024,10.37,0,Search,Web,USA,16-04-2024
user_495,04-02-2024,16.99,1,Profile,Android,India,10-02-2024
user_496,19-02-2024,32.59,0,Video Call,Web,USA,26-04-2024
user_497,25-01-2024,15.46,0,Search,Web,Brazil,06-02-2024
user_498,24-01-2024,21.67,0,Chat,Web,Germany,26-01-2024
user_499,13-01-2024,26.78,1,Chat,Web,UK,11-02-2024
user_500,29-02-2024,14.69,0,Settings,iOS,Germany,07-03-2024
user_501,27-02-2024,11.13,0,Profile,iOS,Germany,12-03-2024
user_502,07-01-2024,41.86,0,Chat,Android,Brazil,07-01-2024
user_503,26-02-2024,10.81,0,Profile,Android,India,06-05-2024
user_504,05-02-2024,12.4,1,Chat,Android,UK,11-02-2024
user_505,14-02-2024,92.8,2,Settings,Web,India,12-05-2024
user_506,20-01-2024,0,0,Video Call,Web,Germany,13-02-2024
user_507,01-01-2024,4.1,0,Settings,iOS,USA,10-02-2024
user_508,08-01-2024,9.69,0,Search,iOS,Germany,23-03-2024
user_509,15-02-2024,53.94,0,Chat,Android,India,10-03-2024
user_510,16-01-2024,1.45,0,Search,iOS,Germany,29-02-2024
user_511,14-01-2024,0.19,0,Search,iOS,USA,14-01-2024
user_512,12-01-2024,1.08,1,Profile,iOS,Brazil,23-03-2024
user_513,20-02-2024,1.85,1,Chat,iOS,India,25-03-2024
user_514,23-01-2024,0.77,1,Search,iOS,Germany,27-02-2024
user_515,15-01-2024,13.07,0,Video Call,Android,India,26-02-2024
user_516,28-01-2024,17.39,1,Search,Android,Brazil,19-04-2024
user_517,03-02-2024,6.34,0,Video Call,iOS,Germany,27-02-2024
user_518,02-01-2024,10.16,1,Profile,Android,Germany,24-02-2024
user_519,01-02-2024,1.92,0,Search,Web,India,06-02-2024
user_520,23-01-2024,8.2,2,Settings,iOS,India,22-02-2024
user_521,22-01-2024,14.78,0,Profile,Web,USA,25-03-2024
user_522,20-02-2024,26.36,1,Video Call,Android,Brazil,17-04-2024
user_523,25-01-2024,0.07,2,Profile,Android,USA,01-02-2024
user_524,27-02-2024,12.6,1,Search,Web,Germany,06-04-2024
user_525,22-01-2024,7.05,1,Chat,Android,India,09-04-2024
user_526,27-02-2024,38.32,0,Chat,iOS,Germany,02-03-2024
user_527,27-02-2024,25.14,1,Video Call,Web,Germany,27-02-2024
user_528,22-01-2024,17.79,1,Video Call,iOS,UK,16-02-2024
user_529,18-02-2024,6.49,1,Chat,Web,UK,17-03-2024
user_530,21-02-2024,48.23,0,Video Call,Android,Germany,21-02-2024
user_531,11-02-2024,0.92,0,Profile,Web,India,02-03-2024
user_532,06-01-2024,2.32,1,Settings,Web,Germany,17-01-2024
user_533,15-01-2024,9.94,0,Settings,iOS,UK,11-04-2024
user_534,23-02-2024,2.66,1,Profile,Android,India,24-04-2024
user_535,12-02-2024,62.66,1,Settings,iOS,Germany,17-03-2024
user_536,29-02-2024,31.99,1,Search,Android,Brazil,27-04-2024
user_537,06-02-2024,5.99,0,Profile,iOS,Brazil,28-04-2024
user_538,02-02-2024,17.76,0,Video Call,Web,Germany,18-03-2024
user_539,08-01-2024,80.72,0,Profile,iOS,India,26-03-2024
user_540,22-02-2024,43.12,0,Chat,Android,Germany,22-02-2024
user_541,29-02-2024,18.37,0,Video Call,Android,Germany,18-05-2024
user_542,13-02-2024,46.81,1,Chat,Web,UK,27-04-2024
user_543,13-02-2024,90.54,0,Video Call,Android,Brazil,03-03-2024
user_544,05-01-2024,27.2,3,Settings,iOS,UK,30-03-2024
user_545,08-02-2024,1.34,0,Profile,Web,UK,26-04-2024
user_546,04-01-2024,10.27,0,Search,Android,Germany,14-01-2024
user_547,06-01-2024,36.38,0,Video Call,Android,UK,28-01-2024
user_548,14-02-2024,5.24,0,Video Call,iOS,Brazil,06-05-2024
user_549,01-02-2024,35.51,2,Chat,iOS,UK,03-02-2024
user_550,21-02-2024,2.56,0,Settings,Web,Brazil,21-02-2024
user_551,30-01-2024,0.96,1,Chat,Android,UK,10-03-2024
user_552,16-02-2024,9.69,0,Chat,iOS,Brazil,18-02-2024
user_553,04-02-2024,0.75,1,Settings,Web,UK,06-02-2024
user_554,24-02-2024,63.06,0,Search,Android,UK,08-05-2024
user_555,09-02-2024,35,0,Chat,Android,India,04-04-2024
user_556,21-02-2024,32.27,1,Chat,Web,Brazil,21-04-2024
user_557,16-01-2024,19.87,0,Video Call,Web,Brazil,22-01-2024
user_558,13-01-2024,4.88,0,Settings,iOS,Brazil,01-02-2024
user_559,19-02-2024,14.61,0,Profile,Android,USA,20-02-2024
user_560,29-02-2024,18.19,0,Search,Android,UK,02-04-2024
user_561,11-02-2024,14.89,1,Search,Android,Brazil,14-03-2024
user_562,30-01-2024,6.03,1,Settings,Web,USA,07-02-2024
user_563,19-01-2024,14.48,0,Video Call,iOS,India,28-01-2024
user_564,17-01-2024,13.51,0,Video Call,Android,Brazil,21-02-2024
user_565,25-02-2024,112.18,0,Settings,Web,Brazil,14-05-2024
user_566,19-01-2024,45.55,0,Video Call,Android,USA,12-04-2024
user_567,28-01-2024,12.45,0,Search,iOS,UK,04-04-2024
user_568,27-02-2024,19.51,0,Search,Android,India,22-04-2024
user_569,24-02-2024,27.56,1,Profile,iOS,Brazil,10-04-2024
user_570,26-01-2024,0.71,2,Settings,iOS,UK,26-01-2024
user_571,06-02-2024,45.06,0,Chat,Android,India,16-03-2024
user_572,26-01-2024,39.34,0,Chat,Android,Germany,15-03-2024
user_573,22-02-2024,12.23,0,Profile,iOS,Germany,01-03-2024
user_574,23-01-2024,9.92,0,Profile,Web,India,03-03-2024
user_575,09-01-2024,6.38,1,Video Call,iOS,USA,28-03-2024
user_576,12-01-2024,12.95,0,Profile,Android,India,29-01-2024
user_577,22-02-2024,0.91,1,Profile,Android,India,14-04-2024
user_578,01-01-2024,38.24,1,Chat,Web,USA,10-01-2024
user_579,27-02-2024,0.72,0,Video Call,iOS,USA,14-05-2024
user_580,27-02-2024,7.98,0,Profile,iOS,UK,22-05-2024
user_581,01-01-2024,53.64,0,Profile,iOS,UK,01-01-2024
user_582,16-02-2024,26.58,1,Video Call,Android,USA,29-02-2024
user_583,03-02-2024,6.61,1,Settings,iOS,Germany,31-03-2024
user_584,01-02-2024,5.82,0,Video Call,Web,Germany,09-02-2024
user_585,23-02-2024,0.1,0,Chat,Android,India,30-04-2024
user_586,17-02-2024,23.8,0,Settings,Android,Brazil,27-02-2024
user_587,25-01-2024,1,1,Search,iOS,India,25-01-2024
user_588,09-02-2024,15.21,0,Video Call,Web,India,09-02-2024
user_589,14-02-2024,65.47,0,Chat,Android,Brazil,21-03-2024
user_590,22-02-2024,2.32,0,Settings,Android,USA,10-05-2024
user_591,01-01-2024,44.98,0,Video Call,iOS,Germany,02-01-2024
user_592,16-01-2024,95.3,0,Profile,iOS,India,20-01-2024
user_593,08-02-2024,1.27,1,Video Call,Web,Brazil,20-02-2024
user_594,05-01-2024,42.9,0,Search,iOS,UK,22-03-2024
user_595,22-01-2024,14.52,0,Video Call,Web,India,18-04-2024
user_596,29-01-2024,47.4,0,Settings,Android,Germany,18-04-2024
user_597,24-02-2024,16.94,1,Settings,Web,USA,09-05-2024
user_598,03-01-2024,21.7,0,Video Call,Web,India,01-03-2024
user_599,12-01-2024,15.7,1,Settings,Web,India,24-01-2024
user_600,26-01-2024,39.97,0,Profile,Android,Brazil,26-01-2024
user_601,16-01-2024,26.48,3,Video Call,iOS,UK,18-03-2024
user_602,20-02-2024,14.73,0,Profile,Android,UK,03-05-2024
user_603,06-02-2024,40.52,0,Profile,iOS,USA,23-04-2024
user_604,22-01-2024,5.63,0,Chat,Web,Germany,27-02-2024
user_605,26-02-2024,3.42,1,Video Call,Web,USA,10-04-2024
user_606,29-01-2024,3.5,1,Settings,Web,India,11-02-2024
user_607,14-01-2024,8.13,0,Profile,Web,India,11-02-2024
user_608,28-01-2024,5.45,0,Chat,Web,UK,12-02-2024
user_609,05-01-2024,53.21,1,Video Call,iOS,Germany,24-03-2024
user_610,16-02-2024,2.24,1,Video Call,iOS,Brazil,16-02-2024
user_611,18-02-2024,24.01,0,Search,Web,Germany,01-05-2024
user_612,30-01-2024,4.2,0,Search,Android,India,13-02-2024
user_613,15-02-2024,42.68,1,Profile,Android,Brazil,02-05-2024
user_614,21-02-2024,65.05,1,Search,Web,Germany,23-03-2024
user_615,05-01-2024,12.53,1,Profile,iOS,Germany,28-02-2024
user_616,12-01-2024,42.25,0,Settings,Android,Brazil,09-02-2024
user_617,16-01-2024,0.1,0,Profile,Android,India,03-03-2024
user_618,26-01-2024,34.29,1,Search,Android,Germany,04-03-2024
user_619,26-01-2024,5.19,1,Settings,Web,Brazil,28-03-2024
user_620,17-02-2024,47.87,1,Search,Android,India,25-03-2024
user_621,21-01-2024,0.02,1,Profile,Android,Brazil,16-04-2024
user_622,08-02-2024,16.25,0,Chat,Android,Brazil,08-02-2024
user_623,05-02-2024,28.26,0,Video Call,Android,Germany,09-03-2024
user_624,02-02-2024,5.99,0,Search,iOS,India,15-03-2024
user_625,30-01-2024,4.29,0,Profile,Web,Germany,26-02-2024
user_626,06-02-2024,1.76,0,Settings,Web,USA,29-02-2024
user_627,23-01-2024,7.9,1,Search,iOS,USA,27-03-2024
user_628,27-02-2024,16.41,0,Search,iOS,India,18-03-2024
user_629,10-01-2024,2.46,1,Video Call,Web,Brazil,30-03-2024
user_630,23-02-2024,9.45,0,Profile,Android,Germany,02-03-2024
user_631,05-01-2024,0.18,2,Chat,Android,Germany,27-02-2024
user_632,05-02-2024,34.15,0,Settings,Web,India,07-03-2024
user_633,03-02-2024,2.75,1,Profile,Android,India,19-04-2024
user_634,21-02-2024,6.66,0,Settings,iOS,USA,10-05-2024
user_635,31-01-2024,0.37,0,Search,Android,UK,13-03-2024
user_636,10-01-2024,11.32,0,Video Call,Android,India,08-04-2024
user_637,27-02-2024,36.67,0,Video Call,Android,UK,16-05-2024
user_638,19-01-2024,9.96,0,Chat,Web,India,02-03-2024
user_639,27-02-2024,3.96,0,Video Call,iOS,Brazil,21-04-2024
user_640,01-02-2024,28.02,1,Search,Android,Brazil,10-04-2024
user_641,01-01-2024,31.1,2,Chat,Web,USA,09-01-2024
user_642,25-02-2024,3.82,0,Profile,Android,USA,21-05-2024
user_643,05-01-2024,29.47,0,Video Call,iOS,UK,15-01-2024
user_644,14-02-2024,58.86,0,Chat,Android,India,30-04-2024
user_645,04-01-2024,3.64,1,Search,iOS,Germany,04-01-2024
user_646,16-01-2024,29.48,1,Settings,Android,USA,05-02-2024
user_647,24-01-2024,24.66,0,Settings,iOS,Germany,02-02-2024
user_648,16-01-2024,12.83,1,Search,Android,Germany,05-04-2024
user_649,24-02-2024,1.19,0,Search,iOS,India,17-03-2024
user_650,02-01-2024,1.55,0,Settings,Android,UK,02-01-2024
user_651,18-02-2024,38.27,0,Chat,Android,India,09-04-2024
user_652,28-01-2024,92.4,0,Settings,Web,USA,05-03-2024
user_653,01-02-2024,22.54,1,Search,Web,Germany,16-04-2024
user_654,27-01-2024,11.81,1,Video Call,iOS,India,29-02-2024
user_655,20-01-2024,20.86,1,Profile,Android,India,20-01-2024
user_656,24-01-2024,18.05,1,Video Call,iOS,India,27-02-2024
user_657,12-01-2024,9.68,1,Video Call,Web,USA,12-01-2024
user_658,19-02-2024,1.36,1,Search,iOS,UK,19-02-2024
user_659,04-02-2024,34.46,1,Settings,iOS,India,04-02-2024
user_660,29-02-2024,9.3,2,Chat,Web,USA,25-04-2024
user_661,02-02-2024,34.16,1,Video Call,Android,Germany,01-05-2024
user_662,02-02-2024,5.82,0,Settings,iOS,Brazil,11-03-2024
user_663,20-02-2024,0.02,0,Chat,Web,USA,04-04-2024
user_664,12-02-2024,3.46,0,Video Call,Android,Brazil,13-03-2024
user_665,06-02-2024,12.64,1,Chat,Web,India,16-02-2024
user_666,12-01-2024,57.76,0,Settings,iOS,India,30-01-2024
user_667,03-01-2024,2.16,3,Profile,Android,USA,02-03-2024
user_668,01-01-2024,38.51,1,Settings,Android,Brazil,19-02-2024
user_669,02-02-2024,14.97,0,Search,Web,India,29-04-2024
user_670,09-02-2024,34.96,1,Chat,Web,Germany,20-02-2024
user_671,10-01-2024,7.09,1,Profile,Web,UK,12-03-2024
user_672,12-02-2024,36.65,0,Chat,Android,UK,29-02-2024
user_673,13-02-2024,29.64,0,Chat,Android,India,07-04-2024
user_674,29-01-2024,5.23,1,Video Call,iOS,Brazil,09-03-2024
user_675,13-01-2024,2.82,1,Search,Android,India,04-04-2024
user_676,12-01-2024,40.51,0,Chat,iOS,Brazil,16-03-2024
user_677,31-01-2024,66.07,1,Settings,Web,Germany,31-01-2024
user_678,15-02-2024,0.64,0,Settings,Web,Brazil,27-04-2024
user_679,02-01-2024,26.28,1,Video Call,Android,India,23-02-2024
user_680,20-02-2024,48.05,0,Search,Web,Germany,30-03-2024
user_681,19-02-2024,38.95,0,Search,Web,USA,02-03-2024
user_682,04-02-2024,66.78,1,Settings,Android,UK,04-02-2024
user_683,23-01-2024,28.55,0,Profile,iOS,India,18-03-2024
user_684,17-01-2024,11.68,1,Video Call,Android,India,22-02-2024
user_685,26-01-2024,7.48,0,Video Call,iOS,India,19-02-2024
user_686,08-01-2024,7.74,0,Settings,Android,Germany,15-01-2024
user_687,29-01-2024,25.78,0,Settings,Android,USA,19-04-2024
user_688,26-01-2024,27.4,0,Profile,Web,Brazil,06-04-2024
user_689,10-01-2024,4.47,0,Profile,Android,USA,10-01-2024
user_690,26-01-2024,40.52,1,Search,Android,Germany,06-02-2024
user_691,03-02-2024,25.1,0,Video Call,iOS,India,03-02-2024
user_692,20-02-2024,16.55,0,Video Call,Web,UK,28-04-2024
user_693,10-02-2024,12.76,0,Settings,iOS,India,07-04-2024
user_694,07-01-2024,15.67,0,Search,iOS,Brazil,30-03-2024
user_695,04-01-2024,3.47,1,Video Call,Web,UK,12-02-2024
user_696,27-02-2024,4.56,2,Search,Web,India,10-03-2024
user_697,22-02-2024,1.91,1,Search,Web,UK,22-02-2024
user_698,19-02-2024,3.34,1,Settings,Android,USA,19-02-2024
user_699,14-02-2024,12.09,0,Search,Web,Germany,16-04-2024
user_700,11-01-2024,15.12,0,Profile,Web,India,13-01-2024
user_701,29-01-2024,0.36,0,Profile,Web,Brazil,26-03-2024
user_702,25-02-2024,31.87,0,Chat,iOS,USA,03-05-2024
user_703,05-02-2024,6.97,0,Settings,iOS,India,11-04-2024
user_704,25-01-2024,48.57,0,Chat,Android,USA,04-03-2024
user_705,21-01-2024,68.54,2,Profile,iOS,Brazil,21-01-2024
user_706,26-02-2024,4.1,0,Chat,Android,India,10-04-2024
user_707,05-02-2024,12.4,2,Settings,iOS,Brazil,16-04-2024
user_708,10-01-2024,0.02,0,Settings,Web,UK,27-03-2024
user_709,06-02-2024,18.24,0,Search,iOS,Brazil,18-03-2024
user_710,09-01-2024,18.69,0,Video Call,Android,UK,06-04-2024
user_711,24-01-2024,5.69,0,Search,iOS,India,19-02-2024
user_712,04-02-2024,16.35,1,Settings,Web,UK,04-02-2024
user_713,18-02-2024,5.11,0,Profile,Android,India,28-04-2024
user_714,04-02-2024,3.51,1,Profile,Web,India,10-04-2024
user_715,17-02-2024,21.08,0,Search,Web,Germany,15-04-2024
user_716,05-02-2024,7.89,0,Settings,Android,India,02-04-2024
user_717,18-01-2024,17.84,1,Profile,Web,UK,17-02-2024
user_718,18-02-2024,11.36,2,Settings,Web,Germany,14-03-2024
user_719,08-02-2024,83.15,0,Profile,iOS,Germany,13-04-2024
user_720,01-02-2024,3.24,1,Settings,Web,India,19-02-2024
user_721,24-01-2024,12.49,2,Chat,Web,Brazil,04-02-2024
user_722,23-01-2024,22.82,0,Settings,Web,Brazil,09-04-2024
user_723,01-02-2024,10.07,2,Settings,Web,Germany,06-04-2024
user_724,06-02-2024,73.54,0,Search,Android,India,06-02-2024
user_725,12-01-2024,25.59,0,Chat,iOS,Brazil,30-03-2024
user_726,18-02-2024,21.4,2,Video Call,Web,India,06-03-2024
user_727,24-02-2024,28.3,0,Search,Web,India,24-02-2024
user_728,13-01-2024,61,0,Video Call,Android,Germany,08-02-2024
user_729,23-01-2024,47.68,1,Profile,Web,Germany,18-04-2024
user_730,25-01-2024,25.77,0,Video Call,Android,USA,27-01-2024
user_731,04-02-2024,27.66,0,Settings,iOS,Brazil,09-02-2024
user_732,10-02-2024,3.15,2,Video Call,iOS,Brazil,16-02-2024
user_733,30-01-2024,2.17,0,Search,Web,Brazil,16-04-2024
user_734,17-01-2024,16.92,2,Search,Web,UK,15-04-2024
user_735,18-02-2024,0.37,0,Video Call,Web,India,28-03-2024
user_736,20-01-2024,13.17,0,Search,Android,Germany,20-01-2024
user_737,17-02-2024,4.72,1,Search,Web,Brazil,17-02-2024
user_738,25-01-2024,8.49,0,Video Call,Web,USA,15-02-2024
user_739,22-01-2024,29.9,1,Chat,iOS,Brazil,07-02-2024
user_740,13-01-2024,56.69,0,Chat,Web,India,13-01-2024
user_741,28-02-2024,1.5,1,Profile,iOS,India,07-03-2024
user_742,19-01-2024,15.28,0,Search,Web,Germany,17-04-2024
user_743,18-02-2024,42.83,0,Video Call,iOS,UK,24-04-2024
user_744,05-02-2024,1.72,1,Search,Web,Germany,19-04-2024
user_745,12-01-2024,34.8,2,Settings,iOS,Brazil,27-02-2024
user_746,10-02-2024,8.86,1,Search,Android,USA,23-02-2024
user_747,19-01-2024,7.77,0,Search,iOS,Germany,19-01-2024
user_748,12-01-2024,75.85,0,Chat,iOS,UK,08-02-2024
user_749,09-01-2024,4.48,1,Video Call,iOS,Germany,27-03-2024
user_750,07-01-2024,23.63,2,Search,Web,India,10-03-2024
user_751,28-01-2024,34.46,1,Chat,Web,Brazil,16-03-2024
user_752,14-01-2024,0.84,0,Profile,Web,Brazil,26-01-2024
user_753,31-01-2024,22.2,0,Chat,Android,Brazil,14-03-2024
user_754,21-02-2024,60.54,0,Chat,Android,Brazil,10-04-2024
user_755,19-01-2024,2.65,1,Chat,iOS,Brazil,15-04-2024
user_756,27-02-2024,45.31,1,Search,Android,Brazil,12-05-2024
user_757,16-02-2024,18.07,0,Search,iOS,USA,30-04-2024
user_758,16-01-2024,19.17,1,Profile,iOS,UK,26-03-2024
user_759,22-02-2024,18.98,2,Settings,iOS,Brazil,08-05-2024
user_760,05-01-2024,7.1,1,Settings,Android,UK,28-01-2024
user_761,04-02-2024,54.73,1,Settings,Web,Brazil,04-02-2024
user_762,12-01-2024,58.88,1,Profile,Android,Germany,18-02-2024
user_763,25-01-2024,19.63,2,Settings,iOS,Brazil,25-01-2024
user_764,21-02-2024,30.6,0,Settings,iOS,India,14-03-2024
user_765,28-02-2024,18.95,1,Chat,Android,USA,24-03-2024
user_766,21-01-2024,13.25,0,Search,iOS,Germany,02-04-2024
user_767,05-02-2024,21.62,0,Search,iOS,Germany,24-03-2024
user_768,22-02-2024,16.1,0,Chat,Android,India,02-05-2024
user_769,23-01-2024,18.2,1,Chat,Android,Brazil,28-03-2024
user_770,16-01-2024,30.63,0,Chat,Android,USA,21-02-2024
user_771,26-02-2024,13.11,0,Search,iOS,Germany,04-04-2024
user_772,08-02-2024,0.83,0,Settings,iOS,USA,21-03-2024
user_773,14-02-2024,3.58,0,Chat,Web,Germany,25-04-2024
user_774,22-02-2024,11.55,0,Profile,Web,Brazil,14-04-2024
user_775,11-02-2024,25.81,0,Chat,Android,Germany,24-02-2024
user_776,27-02-2024,17.99,0,Video Call,Web,Germany,25-04-2024
user_777,08-02-2024,21.01,1,Chat,iOS,UK,08-02-2024
user_778,14-01-2024,13.05,1,Search,Web,Brazil,14-02-2024
user_779,31-01-2024,19.13,0,Chat,iOS,India,10-02-2024
user_780,27-02-2024,7.98,1,Video Call,Android,India,13-03-2024
user_781,05-01-2024,12.7,1,Profile,Android,Brazil,05-02-2024
user_782,04-02-2024,27.27,0,Settings,iOS,India,31-03-2024
user_783,23-01-2024,41.09,1,Chat,Web,Brazil,07-02-2024
user_784,29-01-2024,11.37,0,Video Call,Android,India,08-02-2024
user_785,12-02-2024,0.89,0,Video Call,Android,UK,09-04-2024
user_786,11-01-2024,3.53,0,Profile,Web,India,22-03-2024
user_787,18-01-2024,0.42,2,Search,Web,Germany,09-04-2024
user_788,16-02-2024,21.18,0,Chat,iOS,Brazil,14-05-2024
user_789,12-01-2024,8.08,0,Video Call,Web,USA,05-04-2024
user_790,09-01-2024,15.64,0,Profile,Web,USA,04-02-2024
user_791,10-01-2024,13.6,1,Settings,Web,Brazil,21-02-2024
user_792,27-02-2024,1.7,1,Video Call,iOS,UK,02-05-2024
user_793,13-02-2024,10.33,0,Profile,iOS,India,14-02-2024
user_794,17-01-2024,4.98,1,Search,Android,UK,11-04-2024
user_795,07-02-2024,10.84,0,Search,iOS,USA,04-05-2024
user_796,07-01-2024,4.55,1,Video Call,Android,Brazil,15-03-2024
user_797,15-02-2024,36.71,1,Video Call,Web,Brazil,08-03-2024
user_798,13-01-2024,3.83,2,Chat,Android,UK,14-01-2024
user_799,09-02-2024,64.77,0,Profile,Android,UK,04-03-2024
user_800,11-02-2024,10.75,1,Video Call,Web,India,20-04-2024
user_801,09-01-2024,37.45,1,Chat,Android,Germany,09-01-2024
user_802,19-02-2024,19.82,1,Chat,iOS,Germany,14-04-2024
user_803,27-01-2024,26.59,1,Video Call,iOS,India,20-02-2024
user_804,27-02-2024,29.2,1,Search,iOS,Germany,21-04-2024
user_805,02-01-2024,14.06,0,Profile,iOS,USA,22-03-2024
user_806,05-01-2024,15.67,1,Profile,Android,Germany,10-03-2024
user_807,29-01-2024,14.43,1,Search,Android,India,20-03-2024
user_808,06-02-2024,17.74,0,Video Call,Web,Germany,06-02-2024
user_809,07-02-2024,0.6,0,Profile,Android,Brazil,28-04-2024
user_810,19-01-2024,10.07,0,Video Call,Android,UK,19-01-2024
user_811,08-01-2024,18.64,0,Video Call,Android,USA,05-02-2024
user_812,17-02-2024,18.21,1,Chat,Web,Brazil,20-02-2024
user_813,14-02-2024,31.5,2,Search,iOS,Brazil,14-02-2024
user_814,01-01-2024,21.28,2,Video Call,Android,India,15-01-2024
user_815,22-01-2024,96.9,0,Settings,Web,UK,04-03-2024
user_816,21-02-2024,6.68,0,Search,Web,UK,24-03-2024
user_817,17-01-2024,8.9,0,Profile,Web,USA,12-02-2024
user_818,07-01-2024,9.69,1,Chat,iOS,India,03-03-2024
user_819,25-01-2024,12.54,1,Profile,Android,USA,27-01-2024
user_820,14-02-2024,36.16,0,Profile,Web,Germany,25-04-2024
user_821,04-01-2024,5.38,1,Search,iOS,Brazil,13-01-2024
user_822,05-02-2024,29.92,0,Profile,Web,USA,25-03-2024
user_823,06-01-2024,10.39,1,Video Call,Web,Brazil,30-03-2024
user_824,29-02-2024,18.42,1,Profile,Web,India,09-04-2024
user_825,31-01-2024,20.02,0,Chat,Web,Germany,09-02-2024
user_826,19-01-2024,9.33,1,Chat,Web,India,10-02-2024
user_827,13-02-2024,14.37,0,Settings,iOS,Germany,27-03-2024
user_828,23-02-2024,10.66,0,Chat,Android,Germany,23-02-2024
user_829,08-02-2024,1.43,1,Profile,Android,Brazil,27-03-2024
user_830,27-01-2024,11.5,0,Chat,Android,India,03-02-2024
user_831,10-01-2024,2.05,0,Search,Android,India,26-01-2024
user_832,26-01-2024,10.38,0,Chat,iOS,USA,03-03-2024
user_833,19-01-2024,17.97,2,Video Call,iOS,India,25-02-2024
user_834,08-02-2024,17.32,1,Search,iOS,USA,08-02-2024
user_835,03-01-2024,21.73,2,Settings,Web,UK,29-03-2024
user_836,14-02-2024,2,2,Video Call,Web,UK,15-04-2024
user_837,13-01-2024,21.12,0,Profile,Web,UK,19-03-2024
user_838,19-02-2024,7.48,0,Profile,Android,India,10-03-2024
user_839,28-01-2024,10.18,2,Profile,Web,India,28-01-2024
user_840,27-02-2024,39.04,1,Video Call,Android,USA,27-02-2024
user_841,20-01-2024,0.18,2,Video Call,Web,Germany,24-01-2024
user_842,28-01-2024,17.75,0,Video Call,Android,USA,14-04-2024
user_843,08-01-2024,18.26,1,Search,Web,UK,26-01-2024
user_844,10-02-2024,10.11,1,Search,Web,USA,08-05-2024
user_845,08-02-2024,5.41,0,Profile,iOS,Germany,12-03-2024
user_846,01-01-2024,5.35,1,Chat,Web,India,14-03-2024
user_847,03-01-2024,43.03,0,Profile,Web,USA,13-01-2024
user_848,13-01-2024,11.67,0,Settings,iOS,UK,07-04-2024
user_849,28-01-2024,8.04,1,Search,Android,UK,12-02-2024
user_850,26-02-2024,11.91,1,Video Call,iOS,India,05-05-2024
user_851,29-02-2024,22.14,2,Search,iOS,USA,22-03-2024
user_852,18-02-2024,3.15,0,Video Call,Android,Germany,15-05-2024
user_853,25-01-2024,11.94,0,Settings,Web,India,25-01-2024
user_854,25-02-2024,17.73,1,Settings,Android,USA,25-02-2024
user_855,02-02-2024,59.36,0,Search,Web,Brazil,08-02-2024
user_856,07-02-2024,5.82,0,Video Call,Web,UK,10-04-2024
user_857,22-02-2024,8.9,0,Settings,Android,Germany,11-04-2024
user_858,06-01-2024,9.54,0,Profile,iOS,Germany,06-03-2024
user_859,27-02-2024,18.6,2,Profile,Android,Germany,29-03-2024
user_860,13-02-2024,8.82,0,Video Call,Web,UK,15-04-2024
user_861,14-02-2024,15.25,0,Search,Android,USA,28-02-2024
user_862,01-02-2024,30.45,4,Settings,Android,India,20-04-2024
user_863,14-02-2024,24.44,2,Search,Web,USA,21-03-2024
user_864,16-02-2024,11.83,1,Profile,iOS,India,15-03-2024
user_865,21-01-2024,39.93,1,Settings,Android,Germany,10-04-2024
user_866,16-01-2024,16.34,0,Search,Web,USA,05-04-2024
user_867,23-02-2024,15.53,1,Chat,Web,Germany,05-04-2024
user_868,21-01-2024,0.7,0,Video Call,Android,Brazil,21-01-2024
user_869,11-01-2024,86.39,0,Video Call,iOS,Germany,21-01-2024
user_870,29-02-2024,2.62,1,Chat,Android,Germany,29-02-2024
user_871,06-02-2024,5.26,0,Profile,iOS,India,16-03-2024
user_872,05-02-2024,1.06,2,Settings,iOS,Brazil,20-02-2024
user_873,04-02-2024,20.43,2,Video Call,iOS,Germany,05-04-2024
user_874,19-01-2024,5.09,0,Chat,iOS,Germany,15-04-2024
user_875,20-01-2024,3.97,0,Chat,Android,Brazil,08-03-2024
user_876,26-02-2024,1.85,0,Profile,Web,Brazil,27-04-2024
user_877,18-01-2024,2.18,0,Profile,Web,USA,11-04-2024
user_878,16-02-2024,17.57,0,Search,Web,India,17-02-2024
user_879,10-02-2024,23.31,0,Video Call,Web,Brazil,25-02-2024
user_880,18-02-2024,10.13,1,Search,Web,Brazil,12-03-2024
user_881,14-01-2024,13.07,0,Chat,Web,UK,31-01-2024
user_882,15-01-2024,23.17,1,Settings,Android,Brazil,28-01-2024
user_883,31-01-2024,0.35,0,Settings,iOS,India,28-02-2024
user_884,01-01-2024,7.81,1,Profile,Web,Germany,02-03-2024
user_885,22-02-2024,72.31,1,Settings,Android,Germany,24-03-2024
user_886,23-02-2024,17.36,0,Settings,Web,Germany,06-05-2024
user_887,23-02-2024,5.87,1,Settings,Web,Germany,15-03-2024
user_888,03-01-2024,14.75,0,Chat,iOS,UK,22-02-2024
user_889,16-01-2024,8.39,0,Settings,iOS,Brazil,15-02-2024
user_890,23-01-2024,15.2,0,Settings,iOS,Germany,23-01-2024
user_891,26-02-2024,2.69,1,Settings,Web,USA,14-04-2024
user_892,11-01-2024,2.85,0,Search,Web,Germany,17-02-2024
user_893,12-01-2024,3.1,0,Chat,Web,Brazil,12-01-2024
user_894,10-01-2024,56.21,0,Profile,iOS,Germany,04-02-2024
user_895,01-02-2024,26.4,0,Search,Android,UK,27-04-2024
user_896,16-01-2024,3.54,0,Video Call,Web,India,30-03-2024
user_897,08-01-2024,4.17,1,Chat,Web,India,22-03-2024
user_898,07-02-2024,26.25,0,Chat,Web,Brazil,17-04-2024
user_899,12-01-2024,3.4,0,Video Call,Android,India,18-03-2024
user_900,24-01-2024,5.35,0,Video Call,Web,India,09-02-2024
user_901,28-01-2024,66.13,1,Video Call,Android,USA,09-04-2024
user_902,22-02-2024,5.9,0,Profile,Web,Brazil,06-03-2024
user_903,08-01-2024,21.67,0,Settings,Android,Brazil,21-02-2024
user_904,27-02-2024,76.92,1,Chat,Web,India,13-04-2024
user_905,28-01-2024,9.38,0,Settings,iOS,India,16-02-2024
user_906,05-02-2024,0.35,1,Settings,iOS,India,16-02-2024
user_907,26-01-2024,5.6,2,Video Call,iOS,UK,15-02-2024
user_908,08-01-2024,35.54,0,Profile,iOS,Germany,30-03-2024
user_909,27-02-2024,39.99,0,Search,Web,UK,11-05-2024
user_910,29-02-2024,29.27,0,Profile,iOS,Brazil,30-03-2024
user_911,19-02-2024,2.4,1,Settings,Android,USA,21-03-2024
user_912,28-01-2024,31.74,0,Profile,iOS,Germany,05-04-2024
user_913,28-01-2024,50.19,1,Video Call,iOS,USA,07-04-2024
user_914,06-02-2024,18.36,0,Search,iOS,Brazil,06-02-2024
user_915,10-02-2024,56.56,0,Video Call,Web,Brazil,27-02-2024
user_916,05-02-2024,35.07,0,Search,iOS,USA,27-03-2024
user_917,27-01-2024,21.99,1,Settings,Android,USA,27-01-2024
user_918,23-02-2024,17.22,0,Search,iOS,USA,08-05-2024
user_919,17-01-2024,8.57,0,Search,iOS,Brazil,11-02-2024
user_920,09-01-2024,3.47,0,Search,iOS,India,20-03-2024
user_921,02-02-2024,18.58,1,Profile,Android,USA,02-02-2024
user_922,22-02-2024,7.66,0,Profile,iOS,Germany,12-03-2024
user_923,20-01-2024,40.26,1,Settings,Android,Brazil,02-03-2024
user_924,13-01-2024,100.22,0,Search,Android,UK,05-02-2024
user_925,28-01-2024,27.92,0,Chat,iOS,UK,26-04-2024
user_926,17-02-2024,1.9,1,Settings,Android,Germany,04-03-2024
user_927,29-01-2024,6.81,0,Search,Web,India,15-04-2024
user_928,13-01-2024,2.31,1,Search,iOS,USA,30-03-2024
user_929,15-02-2024,21.03,0,Profile,iOS,Brazil,18-03-2024
user_930,04-02-2024,28.98,0,Settings,Android,USA,16-04-2024
user_931,06-01-2024,51.99,0,Search,Android,Brazil,12-03-2024
user_932,18-01-2024,11.53,1,Search,iOS,UK,12-03-2024
user_933,20-02-2024,46.33,0,Settings,Web,USA,19-03-2024
user_934,05-01-2024,42.06,1,Chat,Android,Germany,05-01-2024
user_935,16-02-2024,7.63,0,Settings,Android,India,16-02-2024
user_936,25-01-2024,40.64,0,Settings,Web,Germany,25-01-2024
user_937,02-01-2024,9.42,0,Chat,Web,India,12-01-2024
user_938,10-01-2024,7.04,0,Settings,iOS,USA,10-01-2024
user_939,25-02-2024,20.94,1,Search,Web,USA,08-03-2024
user_940,30-01-2024,7.96,0,Settings,iOS,India,19-04-2024
user_941,19-02-2024,19.9,1,Chat,Web,UK,04-05-2024
user_942,28-02-2024,18.82,0,Video Call,Android,Brazil,05-05-2024
user_943,14-02-2024,16.58,0,Settings,iOS,Germany,05-03-2024
user_944,05-01-2024,9.57,0,Profile,iOS,Germany,08-02-2024
user_945,24-02-2024,15.9,0,Search,iOS,Germany,26-03-2024
user_946,25-02-2024,18.15,0,Search,Web,USA,07-04-2024
user_947,02-02-2024,15.78,0,Profile,Android,Germany,24-04-2024
user_948,23-02-2024,11.75,1,Profile,iOS,Brazil,26-04-2024
user_949,01-01-2024,0.3,1,Settings,iOS,Brazil,13-03-2024
user_950,18-01-2024,17.69,1,Profile,iOS,India,18-01-2024
user_951,01-02-2024,3.69,1,Video Call,iOS,USA,08-04-2024
user_952,16-02-2024,20.58,0,Chat,Android,Brazil,12-05-2024
user_953,18-02-2024,28.49,0,Profile,Web,UK,06-03-2024
user_954,11-01-2024,13.88,1,Profile,Android,USA,20-01-2024
user_955,21-01-2024,15.63,0,Video Call,iOS,USA,11-02-2024
user_956,26-01-2024,60.51,0,Search,Android,Brazil,26-01-2024
user_957,25-01-2024,37.57,0,Search,iOS,UK,25-01-2024
user_958,22-01-2024,49.12,0,Settings,Web,India,15-03-2024
user_959,28-02-2024,33.62,0,Video Call,Web,Brazil,13-05-2024
user_960,27-01-2024,2.31,3,Chat,Web,UK,31-01-2024
user_961,18-02-2024,3.23,2,Chat,iOS,USA,29-03-2024
user_962,13-01-2024,14.96,1,Video Call,Android,UK,13-01-2024
user_963,02-02-2024,5.65,1,Chat,Web,USA,21-03-2024
user_964,03-02-2024,12.95,0,Search,iOS,Brazil,03-02-2024
user_965,10-02-2024,10.03,0,Chat,iOS,Brazil,04-05-2024
user_966,04-02-2024,15.94,3,Chat,Android,Germany,15-02-2024
user_967,01-01-2024,27.48,0,Video Call,Web,Germany,01-01-2024
user_968,21-01-2024,25.14,0,Video Call,iOS,Germany,06-04-2024
user_969,17-02-2024,14.73,0,Chat,Android,Brazil,05-04-2024
user_970,24-02-2024,34.56,0,Profile,Web,India,11-05-2024
user_971,06-01-2024,11.27,0,Video Call,Android,Brazil,04-03-2024
user_972,28-01-2024,45.41,0,Settings,Android,UK,20-04-2024
user_973,17-01-2024,1.48,0,Settings,iOS,Brazil,03-04-2024
user_974,05-01-2024,61.87,1,Search,iOS,Brazil,11-03-2024
user_975,31-01-2024,21.27,1,Chat,iOS,USA,26-04-2024
user_976,05-01-2024,9.56,0,Profile,Android,USA,18-03-2024
user_977,07-02-2024,4.39,0,Search,iOS,USA,01-05-2024
user_978,03-01-2024,13.05,0,Chat,Android,Brazil,03-01-2024
user_979,22-02-2024,4.33,0,Video Call,Android,India,17-03-2024
user_980,23-01-2024,3.64,1,Settings,iOS,UK,05-02-2024
user_981,06-02-2024,19.21,0,Profile,Web,UK,24-03-2024
user_982,22-02-2024,14.81,0,Settings,Web,India,22-02-2024
user_983,06-02-2024,22.18,2,Video Call,Web,India,20-03-2024
user_984,10-01-2024,53.07,0,Chat,Android,UK,13-01-2024
user_985,10-01-2024,15.2,2,Video Call,Android,Germany,03-04-2024
user_986,19-01-2024,17.39,1,Video Call,Android,USA,08-04-2024
user_987,17-01-2024,1.88,2,Settings,iOS,USA,06-03-2024
user_988,21-01-2024,25.29,0,Profile,Android,UK,10-03-2024
user_989,14-01-2024,10.21,1,Video Call,iOS,India,16-02-2024
user_990,09-01-2024,75.21,0,Settings,iOS,Germany,25-03-2024
user_991,15-02-2024,34.65,1,Profile,Web,UK,09-03-2024
user_992,01-01-2024,14.78,0,Chat,Web,USA,15-02-2024
user_993,20-02-2024,2.63,0,Chat,Web,Brazil,01-05-2024
user_994,14-02-2024,39.24,0,Search,iOS,India,31-03-2024
user_995,13-01-2024,32.17,0,Settings,iOS,Brazil,28-02-2024
user_996,04-01-2024,4.08,0,Profile,iOS,UK,17-02-2024
user_997,01-01-2024,7,0,Video Call,Android,USA,03-03-2024
user_998,18-02-2024,31.54,0,Chat,iOS,Germany,12-04-2024
user_999,09-02-2024,4.1,1,Profile,Web,Brazil,02-05-2024
user_1000,01-02-2024,49.96,0,Settings,Web,Germany,21-02-2024
